{"name":"39395b39-b164-4c79-a04d-a16aedfadc3e","id":"/providers/Microsoft.Flow/flows/39395b39-b164-4c79-a04d-a16aedfadc3e","type":"Microsoft.Flow/flows","properties":{"apiId":"/providers/Microsoft.PowerApps/apis/shared_logicflows","displayName":"Forms-Tams通知（SharePoint-URL制限）","definition":{"metadata":{"workflowEntityId":null,"processAdvisorMetadata":null,"flowChargedByPaygo":null,"flowclientsuspensionreason":"None","flowclientsuspensiontime":null,"flowclientsuspensionreasondetails":null,"creator":{"id":"c831a8b3-094b-4a9f-8eb6-7f9ebdf28392","type":"User","tenantId":"99b882ac-a043-4d2e-9579-dbbef4dff629"},"provisioningMethod":"FromDefinition","failureAlertSubscription":true,"clientLastModifiedTime":"2025-09-06T07:20:07.1525288Z","connectionKeySavedTimeKey":"2025-09-06T07:20:07.1525288Z","creationSource":null,"modifiedSources":"Portal"},"$schema":"https://schema.management.azure.com/providers/Microsoft.Logic/schemas/2016-06-01/workflowdefinition.json#","contentVersion":"undefined","parameters":{"$authentication":{"defaultValue":{},"type":"SecureObject"},"$connections":{"defaultValue":{},"type":"Object"}},"triggers":{"新しい応答が送信されるとき":{"splitOn":"@triggerOutputs()?['body/value']","metadata":{"operationMetadataId":"b9db7a0b-1938-45cf-9dbe-fba800321c10"},"type":"OpenApiConnectionWebhook","inputs":{"parameters":{"form_id":"rIK4mUOgLk2Vedu-9N_2KaRamR6WUrJDgyH2FKU7681UQzdBVFExQldGME5RVlEySzZWMUYwVlI5QyQlQCN0PWcu"},"host":{"apiId":"/providers/Microsoft.PowerApps/apis/shared_microsoftforms","connectionName":"shared_microsoftforms","operationId":"CreateFormWebhook"},"authentication":"@parameters('$authentication')"}}},"actions":{"応答の詳細を取得する":{"runAfter":{},"metadata":{"operationMetadataId":"a094e524-d19e-4142-9fcb-0302094f723f"},"type":"OpenApiConnection","inputs":{"parameters":{"form_id":"rIK4mUOgLk2Vedu-9N_2KaRamR6WUrJDgyH2FKU7681UQzdBVFExQldGME5RVlEySzZWMUYwVlI5QyQlQCN0PWcu","response_id":"@triggerOutputs()?['body/resourceData/responseId']"},"host":{"apiId":"/providers/Microsoft.PowerApps/apis/shared_microsoftforms","connectionName":"shared_microsoftforms","operationId":"GetFormResponseById"},"authentication":"@parameters('$authentication')"}},"ユーザーの検索_(V2)":{"runAfter":{"変数を初期化する-fileUrlText":["Succeeded"]},"metadata":{"operationMetadataId":"82a6b2d7-6ecc-4a02-9bd2-c537b3452498"},"type":"OpenApiConnection","inputs":{"parameters":{"isSearchTermRequired":true,"searchTerm":"@outputs('応答の詳細を取得する')?['body/responder']"},"host":{"apiId":"/providers/Microsoft.PowerApps/apis/shared_office365users","connectionName":"shared_office365users","operationId":"SearchUserV2"},"authentication":"@parameters('$authentication')"}},"スイッチ":{"runAfter":{"ユーザーの検索_(V2)":["Succeeded"]},"cases":{"Case":{"case":"通知先A","actions":{"変数の設定-TeamID-A":{"metadata":{"operationMetadataId":"e8a2f246-7be8-4d2f-a781-241ba48d3531"},"type":"SetVariable","inputs":{"name":"TeamId","value":"1e995aa4-5296-43b2-8321-f614a53bebcd"}},"変数の設定-ChannelId-A":{"runAfter":{"変数の設定-TeamID-A":["Succeeded"]},"metadata":{"operationMetadataId":"5fe8df42-0435-4bff-a26b-2ee2290670e2"},"type":"SetVariable","inputs":{"name":"ChannelId","value":"19:8df86565e4814eb5b5349b00e8b95b73@thread.tacv2\n"}}}},"Case 2":{"case":"通知先B","actions":{"変数の設定-TeamID-B":{"metadata":{"operationMetadataId":"35315fe7-6226-4a50-90ef-bc81ce5c6ac1"},"type":"SetVariable","inputs":{"name":"TeamId","value":"1e995aa4-5296-43b2-8321-f614a53bebcd"}},"変数の設定-ChannelId-B":{"runAfter":{"変数の設定-TeamID-B":["Succeeded"]},"metadata":{"operationMetadataId":"094978b1-4fdf-4ff5-a0ec-f7135295a927"},"type":"SetVariable","inputs":{"name":"ChannelId","value":"19:efebfcab91d7421a9ad8301493d8ac49@thread.tacv2"}}}}},"default":{"actions":{}},"expression":"@outputs('応答の詳細を取得する')?['body/raa3799e7254647d0a3cf983036f496b0']","metadata":{"operationMetadataId":"8f380fde-6091-486f-aa18-fbcd5b6c80cb"},"type":"Switch"},"条件":{"actions":{},"runAfter":{"スイッチ":["Succeeded"]},"else":{"actions":{"JSON_の解析-添付ファイル":{"metadata":{"operationMetadataId":"b6eb963e-cdc7-4304-9915-d80c471d5dcd"},"type":"ParseJson","inputs":{"content":"@outputs('応答の詳細を取得する')?['body/r3604874417984f6e93da3af27466b768']","schema":{"type":"array","items":{"type":"object","properties":{"name":{"type":"string"},"link":{"type":"string"},"id":{"type":"string"},"type":{},"size":{"type":"integer"},"referenceId":{"type":"string"},"driveId":{"type":"string"},"status":{"type":"integer"},"uploadSessionUrl":{}},"required":["name","link","id","type","size","referenceId","driveId","status","uploadSessionUrl"]}}}},"For_each":{"foreach":"@outputs('JSON_の解析-添付ファイル')['body']","actions":{"文字列変数に追加":{"runAfter":{"ファイルまたはフォルダーの共有リンクの作成":["Succeeded"]},"metadata":{"operationMetadataId":"0cac5f78-4134-4c10-8916-c79de1675d21"},"type":"AppendToStringVariable","inputs":{"name":"fileUrlText","value":"{\n  \"type\": \"TextBlock\",\n  \"text\": \"[@{items('For_each')['name']}](@{outputs('ファイルまたはフォルダーの共有リンクの作成')?['body/link/webUrl']})\",\n  \"wrap\": true\n},"}},"ファイルまたはフォルダーの共有リンクの作成":{"runAfter":{"パスによるファイル_メタデータの取得":["Succeeded"]},"metadata":{"operationMetadataId":"71812974-7e47-4af7-a593-9b784c34dff6"},"type":"OpenApiConnection","inputs":{"parameters":{"dataset":"https://fulog.sharepoint.com/sites/testshp","table":"37d6bc2c-b880-4494-8502-6366d609a3cf","id":"@outputs('パスによるファイル_メタデータの取得')?['body/ItemId']","permission/type":"view","permission/scope":"organization"},"host":{"apiId":"/providers/Microsoft.PowerApps/apis/shared_sharepointonline","connectionName":"shared_sharepointonline","operationId":"CreateSharingLink"},"authentication":"@parameters('$authentication')"}},"パスによるファイル_メタデータの取得":{"type":"OpenApiConnection","inputs":{"parameters":{"dataset":"https://fulog.sharepoint.com/sites/testshp","path":"/Shared Documents/アプリ/Microsoft Forms/Teams通知（SharePoint）/質問/@{items('For_each')['name']}"},"host":{"apiId":"/providers/Microsoft.PowerApps/apis/shared_sharepointonline","connectionName":"shared_sharepointonline","operationId":"GetFileMetadataByPath"},"authentication":"@parameters('$authentication')"}}},"runAfter":{"JSON_の解析-添付ファイル":["Succeeded"]},"metadata":{"operationMetadataId":"ca9e36d6-071e-40c1-a80d-fe3b29f63d17"},"type":"Foreach"},"作成":{"runAfter":{"For_each":["Succeeded"]},"metadata":{"operationMetadataId":"12ea20db-21d8-4f0e-aced-d3a4e427dce5"},"type":"Compose","inputs":"@if(\r\n  equals(\r\n    substring(\r\n      variables('fileUrlText'),\r\n      sub(length(variables('fileUrlText')), 1),\r\n      1\r\n    ),\r\n    ','\r\n  ),\r\n  substring(\r\n    variables('fileUrlText'),\r\n    0,\r\n    sub(length(variables('fileUrlText')), 1)\r\n  ),\r\n  variables('fileUrlText')\r\n)\r\n"}}},"expression":{"and":[{"equals":["@empty(outputs('応答の詳細を取得する')?['body/r3604874417984f6e93da3af27466b768'])",true]}]},"metadata":{"operationMetadataId":"cd1e4148-ba83-49c4-99f4-8e00392ec3d1"},"type":"If"},"変数を初期化する-TeamId":{"runAfter":{"応答の詳細を取得する":["Succeeded"]},"metadata":{"operationMetadataId":"ef966a88-22fa-4abc-9cd5-75ccce15ac9d"},"type":"InitializeVariable","inputs":{"variables":[{"name":"TeamId","type":"string"}]}},"変数を初期化する-ChannelId":{"runAfter":{"変数を初期化する-TeamId":["Succeeded"]},"metadata":{"operationMetadataId":"f59c76db-0520-4de7-b9c8-0caa5efa1a49"},"type":"InitializeVariable","inputs":{"variables":[{"name":"ChannelId","type":"string"}]}},"変数を初期化する-fileUrlText":{"runAfter":{"変数を初期化する-ChannelId":["Succeeded"]},"metadata":{"operationMetadataId":"e7df73f6-71c8-4ba7-b645-75a70672757f"},"type":"InitializeVariable","inputs":{"variables":[{"name":"fileUrlText","type":"string"}]}},"チャットやチャネルにカードを投稿する－チャネル通知":{"runAfter":{"条件":["Succeeded"]},"metadata":{"operationMetadataId":"75de736b-ffc9-4b64-89be-31c8e4999bdc"},"type":"OpenApiConnection","inputs":{"parameters":{"poster":"Flow bot","location":"Channel","body/recipient/groupId":"1e995aa4-5296-43b2-8321-f614a53bebcd","body/recipient/channelId":"19:8df86565e4814eb5b5349b00e8b95b73@thread.tacv2","body/messageBody":"{\n  \"$schema\": \"http://adaptivecards.io/schemas/adaptive-card.json\",\n  \"type\": \"AdaptiveCard\",\n  \"version\": \"1.5\",\n  \"body\": [\n    {\n      \"type\": \"TextBlock\",\n      \"text\": \"依頼者：@{body('ユーザーの検索_(V2)')?['value'][0]?['displayName']}\",\n      \"weight\": \"Bolder\",\n      \"size\": \"Medium\",\n     \"wrap\": true\n    },\n {\n      \"type\": \"TextBlock\",\n      \"text\": \"依頼内容：@{outputs('応答の詳細を取得する')?['body/r9c1bbee18440475a8e6b0d4f521530f6']}\",\n      \"weight\": \"Bolder\",\n      \"size\": \"Medium\",\n     \"wrap\": true\n    },\n    {\n      \"type\": \"Container\",\n      \"items\": [@{outputs('作成')}\n \n        \n      ]\n    }\n  ]\n}\n"},"host":{"apiId":"/providers/Microsoft.PowerApps/apis/shared_teams","connectionName":"shared_teams-1","operationId":"PostCardToConversation"},"authentication":"@parameters('$authentication')"}},"チャットやチャネルにカードを投稿する-登録者通知":{"runAfter":{"チャットやチャネルにカードを投稿する－チャネル通知":["Succeeded"]},"metadata":{"operationMetadataId":"a7cf35e7-d73b-4a88-9610-310591b1c5c3"},"type":"OpenApiConnection","inputs":{"parameters":{"poster":"Flow bot","location":"Chat with Flow bot","body/recipient":"@outputs('応答の詳細を取得する')?['body/responder']","body/messageBody":"{\n  \"$schema\": \"http://adaptivecards.io/schemas/adaptive-card.json\",\n  \"type\": \"AdaptiveCard\",\n  \"version\": \"1.5\",\n  \"body\": [\n    {\n      \"type\": \"TextBlock\",\n      \"text\": \"依頼者：@{body('ユーザーの検索_(V2)')?['value'][0]?['displayName']}\",\n      \"weight\": \"Bolder\",\n      \"size\": \"Medium\",\n     \"wrap\": true\n    },\n {\n      \"type\": \"TextBlock\",\n      \"text\": \"依頼内容：@{outputs('応答の詳細を取得する')?['body/r9c1bbee18440475a8e6b0d4f521530f6']}\",\n      \"weight\": \"Bolder\",\n      \"size\": \"Medium\",\n     \"wrap\": true\n    },\n    {\n      \"type\": \"Container\",\n      \"items\": [@{outputs('作成')}\n \n        \n      ]\n    }\n  ]\n}\n"},"host":{"apiId":"/providers/Microsoft.PowerApps/apis/shared_teams","connectionName":"shared_teams-1","operationId":"PostCardToConversation"},"authentication":"@parameters('$authentication')"}}}},"connectionReferences":{"shared_microsoftforms":{"connectionName":"shared-microsoftform-8c55a8f4-3211-447a-8c29-9f00d922caa7","source":"Embedded","id":"/providers/Microsoft.PowerApps/apis/shared_microsoftforms","tier":"NotSpecified","apiName":"microsoftforms","isProcessSimpleApiReferenceConversionAlreadyDone":false},"shared_office365users":{"connectionName":"shared-office365user-a20995db-f3bf-454e-9222-c7790ff40188","source":"Embedded","id":"/providers/Microsoft.PowerApps/apis/shared_office365users","tier":"NotSpecified","apiName":"office365users","isProcessSimpleApiReferenceConversionAlreadyDone":false},"shared_sharepointonline":{"connectionName":"shared-sharepointonl-5a6193f1-99b3-49c8-ab1a-56dd702a3b61","source":"Embedded","id":"/providers/Microsoft.PowerApps/apis/shared_sharepointonline","tier":"NotSpecified","apiName":"sharepointonline","isProcessSimpleApiReferenceConversionAlreadyDone":false},"shared_teams-1":{"connectionName":"shared-teams-65f6722c-52cd-44e3-8ebe-63a8-48fb6cef","source":"Embedded","id":"/providers/Microsoft.PowerApps/apis/shared_teams","tier":"NotSpecified","apiName":"teams","isProcessSimpleApiReferenceConversionAlreadyDone":false}},"flowFailureAlertSubscribed":false,"isManaged":false}}